#,AA,SS,ASA,Phi,Psi,Theta(i-1=>i+1),Tau(i-2=>i+1),P(C),P(E),P(H)
1,M,C,105.6,-81.4,125.1,109.3,-164.4,0.964,0.013,0.027
2,T,C,106.4,-86,-113.4,110.7,-177.2,0.801,0.002,0.2
3,A,H,67,-74.1,-51.9,103.9,-108.5,0.443,0.007,0.556
4,I,H,63.2,-68.2,-39.4,95.3,44.4,0.22,0.056,0.703
5,I,H,35.6,-71,-35,94.6,51,0.098,0.026,0.871
6,K,H,84.3,-66.2,-39.7,94.1,55.5,0.046,0.082,0.873
7,E,H,97.5,-74,-40.8,99.7,51.3,0.04,0.264,0.757
8,I,H,51.2,-68.7,-41.1,94.2,49.1,0.075,0.071,0.85
9,V,H,41.3,-73,-28.9,97,53.2,0.41,0.038,0.549
10,S,C,74.8,-78.7,-11.1,99.2,60.2,0.599,0.015,0.389
11,R,C,174,-80.2,-1.8,104.5,61.8,0.808,0.019,0.172
12,N,C,109.2,-71.7,84.4,105.6,-122.6,0.954,0.006,0.049
13,K,C,104.9,-83.7,100.6,107.3,169,0.891,0.046,0.08
14,R,C,124.3,-90.1,115.7,110,-151.2,0.632,0.272,0.086
15,R,C,82.6,-101.4,145.3,117.1,-166.5,0.451,0.447,0.096
16,Y,E,72.7,-108.4,143.6,120.5,-178.7,0.334,0.555,0.099
17,Q,C,92.5,-92.9,135.1,113,-141.9,0.493,0.268,0.236
18,E,C,101.2,-93.4,57.4,108.2,-162.4,0.488,0.26,0.19
19,D,C,111.5,-81,36.9,101,39,0.905,0.026,0.057
20,G,C,52.6,84.4,1.3,101,-85.6,0.879,0.056,0.069
21,F,C,77.6,-97.7,131.5,116.3,117,0.729,0.244,0.022
22,D,C,81.9,-89.8,111.4,110.1,-132.9,0.479,0.459,0.029
23,L,E,23.2,-102,143.5,119.5,-167.1,0.309,0.682,0.015
24,D,E,36.2,-96.6,119.5,112.6,-147.5,0.394,0.6,0.009
25,L,E,18.2,-110.5,110.3,115.3,-130.5,0.187,0.781,0.043
26,T,E,18.4,-111.8,137,118.6,-173.9,0.095,0.856,0.07
27,Y,E,32.3,-116.8,133.6,122.1,-159.3,0.044,0.938,0.019
28,I,E,17,-108.8,114.1,112.9,-174.5,0.213,0.785,0.001
29,Y,E,28.2,-127.4,162.2,131.5,169.3,0.404,0.594,0.005
30,P,C,63.5,-57.3,-34.4,92.9,-101.3,0.979,0.011,0.012
31,N,C,46.9,-110.6,9.6,98.5,26.9,0.962,0.035,0.004
32,I,E,3.4,-118.8,136.5,127.7,78.5,0.025,0.972,0.001
33,I,E,6.6,-113.7,131.1,120.6,-161,0.002,0.997,0.001
34,A,E,2,-118,136.8,126.1,-165,0,1,0
35,M,E,1.4,-144,146.9,136.3,173.5,0.036,0.967,0.002
36,G,E,5.2,-90,149.2,120,-136.6,0.265,0.731,0.001
37,F,C,14.4,-114.5,148.4,127.9,-124.9,0.841,0.138,0.002
38,P,C,15.1,-67.9,144.7,109.4,-106.8,0.912,0.08,0.007
39,A,C,20.5,-81.3,0.2,103.5,-140.5,0.878,0.035,0.087
40,E,C,78.4,-99.1,142.6,117.7,77.4,0.9,0.027,0.092
41,R,C,115.2,-84.7,104.5,111.3,-87.9,0.657,0.11,0.203
42,L,C,57.6,-73.4,-21.4,101.9,-132,0.604,0.038,0.359
43,E,H,67,-74.7,6.6,104.1,73,0.393,0.032,0.571
44,G,H,25.9,-64.2,-32.2,98,44.7,0.321,0.017,0.66
45,V,H,59.7,-73.3,-32.3,96.4,56.2,0.388,0.015,0.572
46,Y,H,45.7,-85,-12.7,99.1,47.2,0.335,0.02,0.644
47,R,C,82.3,-79.4,-13.7,102,67.8,0.59,0.074,0.305
48,N,C,53,-90.4,103.3,111.4,87.9,0.909,0.014,0.07
49,N,C,53.3,-92.4,101.7,108.8,-151.9,0.882,0.022,0.097
50,I,H,25.1,-64.2,-34.1,95,-161.9,0.167,0.006,0.838
51,D,H,76.9,-63.5,-37.7,91.3,58,0.027,0.003,0.974
52,D,H,50.8,-65.6,-40.8,91.6,49.9,0.004,0.001,0.996
53,V,H,1.3,-63.8,-45.3,91.9,49.5,0.002,0.003,0.996
54,V,H,13.3,-59.9,-44.2,90.8,51.2,0.002,0.002,0.997
55,R,H,126.9,-62.1,-41.9,91,50.5,0.002,0.001,0.997
56,F,H,25.2,-64.5,-43.2,92.9,52,0.005,0.001,0.994
57,L,H,2.7,-63.6,-41.8,92.1,49.6,0.028,0.005,0.969
58,D,H,55.8,-65.8,-35.1,91.9,52.8,0.058,0.002,0.945
59,S,H,67.8,-72.4,-31,94.1,50.8,0.086,0.001,0.915
60,K,H,77.1,-91.3,-30.2,102.2,38.2,0.41,0.01,0.583
61,H,C,34.9,-125.9,76.9,110.9,38.9,0.927,0.03,0.047
62,K,C,127.8,-72.8,-11.8,106.7,161.7,0.876,0.021,0.106
63,N,C,122.1,-55.7,6.9,96.8,33.9,0.853,0.004,0.155
64,H,C,65.2,-106.4,-7.8,102.4,41.8,0.916,0.036,0.06
65,Y,E,25.1,-123.2,142.7,130.1,73.2,0.273,0.733,0.008
66,K,E,45.5,-123.6,141.5,125.5,-160.6,0.012,0.988,0.001
67,I,E,13.2,-115.4,133.5,121.8,-154.9,0.049,0.924,0.031
68,Y,E,17.7,-115.4,133.4,122.2,-162.1,0.038,0.875,0.112
69,N,E,12,-115.2,116.8,115.9,-164.5,0.06,0.93,0.006
70,L,E,11.5,-91.6,6.6,102,-168.5,0.272,0.677,0.041
71,C,C,22.8,-99.6,113.2,113.4,118.6,0.629,0.276,0.105
72,A,C,31,-84.1,-4.2,102.5,164.9,0.657,0.178,0.182
73,E,C,85.2,-78.3,36.3,103.3,179.5,0.745,0.115,0.13
74,R,C,73.7,-97.5,126.5,114.3,179.9,0.698,0.182,0.107
75,H,C,66.7,-103.2,120.7,115,178.1,0.735,0.198,0.081
76,Y,C,30.3,-104.8,135.8,121.2,-167.4,0.788,0.151,0.059
77,D,C,61.6,-100.6,107.9,110.2,-143.4,0.681,0.262,0.047
78,T,H,46.4,-68.3,-24.6,93.4,-163.3,0.19,0.005,0.827
79,A,H,79.4,-68,-24.7,91.5,65.3,0.336,0.011,0.663
80,K,H,101.5,-78.1,-28.8,96.2,54.1,0.266,0.082,0.665
81,F,C,21.2,-104.3,12.1,105.9,40.6,0.378,0.227,0.356
82,N,C,91.8,24.6,29.2,98.2,-130.5,0.846,0.099,0.062
83,C,C,32.9,-102.7,107.4,113.9,80.3,0.803,0.138,0.063
84,R,C,86.3,-98.4,130.1,116.8,-175.2,0.686,0.269,0.049
85,V,E,6.8,-111.4,133.9,121.1,-172.6,0.31,0.67,0.023
86,A,E,15.2,-112.3,135.9,120.4,-165.8,0.181,0.794,0.007
87,Q,E,55.6,-106.2,129.3,117.5,-137.7,0.405,0.553,0.041
88,Y,C,24.3,-129.1,136.4,125.9,177,0.718,0.271,0.018
89,P,C,59.8,-72.7,131.8,110,-118.7,0.882,0.125,0.006
90,F,C,28.9,-101,140,118.6,-149,0.805,0.11,0.084
91,E,C,127.8,-75.6,-15.1,102.5,-126.2,0.895,0.049,0.044
92,D,C,105.3,-88.5,17.9,100.2,21.2,0.906,0.026,0.062
93,H,C,45.1,-113,92.7,113.8,57,0.917,0.039,0.036
94,N,C,46.4,-93,133.6,117.6,-151.7,0.918,0.081,0.007
95,P,C,8.9,-71.1,148,119.3,-102.6,0.919,0.063,0.026
96,P,C,9.6,-62.1,144.4,113.5,-90.3,0.855,0.077,0.07
97,Q,C,47.2,-73.1,13.9,104,-125.3,0.594,0.051,0.366
98,L,H,11,-64.5,-36.2,95.7,-167.8,0.029,0.024,0.959
99,E,H,76.1,-64.8,-36.1,91.6,57.5,0.029,0.007,0.966
100,L,H,24.1,-67.2,-36.8,91.6,51.1,0.019,0.001,0.98
101,I,H,4.1,-66.9,-39.6,92.7,55.3,0.012,0.004,0.985
102,K,H,62.4,-58.9,-42,90.7,55.7,0.006,0.002,0.993
103,P,H,44.8,-62.2,-40,90.7,50.8,0.007,0,0.994
104,F,H,8.4,-62.7,-43.9,91.8,50.6,0.002,0.002,0.998
105,C,H,5.2,-62.7,-41.6,91.6,50.3,0.004,0.001,0.996
106,E,H,80.7,-62.7,-43.3,91.5,51.2,0.002,0.003,0.997
107,D,H,37.5,-64,-41.8,91.9,49.7,0.006,0.003,0.992
108,L,H,2.8,-61.9,-42.9,91.5,51.8,0.002,0.001,0.997
109,D,H,45.8,-60.7,-40.5,91.4,53,0.005,0,0.996
110,Q,H,83.5,-63.5,-40.8,91.2,50.8,0.016,0.002,0.982
111,W,H,19.7,-65.8,-40.9,92.5,53.1,0.044,0.003,0.952
112,L,H,27.9,-65.7,-29.7,91.5,54.2,0.11,0.003,0.898
113,S,H,67.4,-69.7,-20.2,93.7,64.4,0.415,0.002,0.573
114,E,C,132.7,-83.3,-23.2,100,51.6,0.826,0.001,0.179
115,D,C,68.9,-122.1,113.6,117.1,37.1,0.98,0.006,0.014
116,D,C,109.2,-68.4,-9.5,90.3,-153.1,0.928,0.004,0.074
117,N,C,90.2,-91.4,2.7,94.5,64.2,0.926,0.004,0.087
118,H,C,30.8,-103.8,59,109,64.9,0.635,0.274,0.099
119,V,E,5.5,-121.6,141.3,127.5,155,0.059,0.924,0.014
120,A,E,2.4,-115.3,134.4,122.7,-162.1,0.011,0.979,0.017
121,A,E,2.2,-114.7,131.8,121.5,-158.1,0.021,0.969,0.018
122,I,E,4.7,-111.5,127.6,118.5,-161.7,0.013,0.985,0.004
123,H,E,23.5,-112.8,129.1,119.5,-164.6,0.06,0.937,0.004
124,C,E,7.6,-118,156.6,128.5,-172.1,0.449,0.55,0.004
125,K,C,93.9,-75.4,-11.2,103.5,-103.3,0.711,0.236,0.039
126,A,C,65.3,-68.9,61.5,102.6,11.9,0.978,0.006,0.012
127,G,C,44.3,99.5,-24.4,111,-53.8,0.925,0.031,0.046
128,K,C,97.5,-106.4,141.4,120.2,92.4,0.824,0.147,0.03
129,G,C,20.2,-67.9,161,113.7,-52.6,0.711,0.122,0.15
130,R,C,63.4,-75.5,-30.2,102.4,-120.8,0.418,0.165,0.331
131,T,H,15.2,-71,-38.9,98.2,68.5,0.222,0.115,0.659
132,G,H,3.4,-65.8,-46.2,99.1,62.3,0.078,0.033,0.892
133,V,H,7.8,-70,-40.5,95,51.4,0.014,0.032,0.966
134,M,H,10.3,-64.7,-44.5,92.9,52.5,0.006,0.04,0.978
135,I,H,6.3,-63.7,-44.1,91.9,49.8,0.01,0.008,0.986
136,C,H,1.6,-62.1,-42.7,91.3,50.2,0.006,0.01,0.989
137,A,H,3.2,-61.6,-41.6,91,52.7,0.002,0.002,0.998
138,Y,H,12.3,-63.4,-45.1,92.4,48.9,0.002,0.002,0.998
139,L,H,2.9,-63.2,-41.7,91.2,50,0.001,0.001,0.999
140,L,H,26.4,-63.5,-40.4,91.6,50.5,0.025,0.008,0.968
141,H,H,55.4,-68.5,-31.4,93.2,50.4,0.037,0.009,0.946
142,R,C,70.7,-83.8,-3,93.9,52.6,0.64,0.021,0.34
143,G,C,41.1,71.6,16.2,93.4,-122.7,0.986,0.003,0.011
144,K,C,79.7,-89.7,-7.7,98.1,108.9,0.99,0.004,0.006
145,F,C,20.6,-118.5,129.4,120.5,45.7,0.987,0.009,0.006
146,L,C,78.3,-86.3,-21,97.9,-162.8,0.974,0.02,0.012
147,K,C,106.6,-142.5,161.7,136.6,14,0.992,0.004,0.004
148,A,H,9.4,-56.7,-41,90.4,-108.3,0.018,0.002,0.982
149,Q,H,94.8,-62.5,-41.3,91.8,54.1,0.02,0.002,0.979
150,E,H,63.5,-64.9,-38.4,91.1,49,0.003,0.001,0.997
151,A,H,2.2,-62.7,-43.3,91.3,51.8,0.006,0.001,0.995
152,L,H,17.1,-62.6,-40.5,91.3,51,0.001,0.003,0.998
153,D,H,71.3,-63.7,-38.6,91.1,52.8,0.027,0.018,0.954
154,F,H,34,-69.4,-38.7,93.9,51.1,0.073,0.021,0.912
155,Y,H,8.6,-80.3,-26.2,98.6,46.5,0.222,0.059,0.719
156,G,H,19.4,-68.7,-31.1,98.4,66.6,0.276,0.061,0.677
157,E,C,83.4,-80.7,-15.1,100.8,51.7,0.587,0.082,0.333
158,V,C,45.3,-92.6,67.3,109.3,74.9,0.545,0.161,0.249
159,R,C,67.6,-82.6,141.6,112.9,173.1,0.794,0.119,0.109
160,T,C,46.7,-89.7,150.5,115.3,-137.5,0.691,0.201,0.098
161,R,C,134.6,-80.8,-5,104.7,-132.3,0.732,0.082,0.188
162,D,C,107.4,-76.8,30.4,100.1,23.9,0.931,0.011,0.062
163,K,C,123.6,1.7,38.4,99.3,-131,0.939,0.008,0.049
164,K,C,133,-81.2,65.7,105.3,110,0.923,0.054,0.023
165,G,C,37.2,98.7,157.7,118.7,-98.1,0.902,0.073,0.026
166,V,C,72.9,-98.2,135.9,120.2,-105.6,0.863,0.126,0.015
167,T,C,70.3,-90.2,136.3,116.7,-122.6,0.595,0.359,0.006
168,I,C,45.1,-102,133.5,119.7,-145.6,0.926,0.07,0.008
169,P,C,35,-65.4,146.8,115.6,-107.2,0.921,0.051,0.034
170,S,C,19.8,-75.4,150.3,115.5,-96.6,0.934,0.02,0.048
171,Q,H,29,-66.8,-32.7,95.1,-130,0.164,0.011,0.826
172,R,H,107.7,-62.8,-38.8,92.7,57.6,0.029,0.004,0.971
173,R,H,87.1,-65.1,-36.4,92,52.9,0.019,0.003,0.979
174,Y,H,12.5,-62.4,-44.8,92,51.2,0.002,0.001,0.997
175,V,H,10.7,-63.3,-42.7,91.8,49.8,0.007,0.002,0.992
176,Y,H,72.2,-63.8,-42.3,92.3,51.8,0.011,0.003,0.988
177,Y,H,18.4,-63.2,-45.5,92.6,50.3,0.007,0.003,0.992
178,Y,H,7,-66.7,-40.6,93.3,48.5,0.018,0.006,0.978
179,S,H,14.1,-61.8,-42.5,91.7,52.7,0.007,0.001,0.993
180,Y,H,73.8,-64.7,-42.5,92.4,49.5,0.007,0.003,0.992
181,L,H,14.5,-64,-41.4,91.9,51.5,0.018,0.007,0.975
182,L,H,15.6,-73.3,-25.8,94,47,0.236,0.024,0.721
183,K,C,99,-70.3,-25.5,96.4,65.6,0.699,0.011,0.28
184,N,C,98.5,-83.2,-6.8,98.9,52,0.809,0.006,0.189
185,H,C,89.5,-99.1,22.4,107,39.4,0.905,0.005,0.1
186,L,C,56.1,-77.4,4.5,103.5,116.6,0.922,0.009,0.069
187,D,C,103.6,-75.6,8.4,96.9,86.5,0.895,0.016,0.088
188,Y,C,106.6,-94,42,106.3,64.9,0.808,0.037,0.15
189,R,C,128.7,-95.5,120,112.8,157,0.93,0.047,0.029
190,P,C,46,-69.1,143.4,115.1,-129,0.918,0.067,0.02
191,V,E,46.4,-114.3,135.8,122,-154.3,0.371,0.646,0.006
192,A,E,21.8,-78.6,137.5,117.9,-124.9,0.294,0.688,0.026
193,L,E,10.2,-114,142,123.4,-159.7,0.035,0.95,0.01
194,L,E,53.1,-101.6,128.6,115.7,-144.7,0.037,0.96,0.007
195,F,E,19.8,-84.1,123,110.5,-133.4,0.043,0.943,0.015
196,H,E,61,-102,-25.7,97.5,169.2,0.086,0.891,0.016
197,K,E,69.7,-150.9,149.8,137.5,-2.5,0.072,0.916,0.009
198,M,E,44,-129.4,138.9,126.5,-164.4,0.065,0.923,0.008
199,M,E,42.4,-119.9,136.9,124.4,-163.1,0.039,0.957,0.002
200,F,E,18,-121.8,136.5,125.6,-169.1,0.065,0.925,0.007
201,E,E,51.5,-118.2,135.3,123.7,-162.6,0.085,0.915,0.004
202,T,E,25.5,-97.1,131.5,115.4,-142.8,0.441,0.563,0.005
203,I,C,17.3,-103.9,132.1,116.8,-154.5,0.626,0.354,0.015
204,P,C,35.8,-68.8,146.3,114.4,-122.8,0.617,0.288,0.063
205,M,C,75.9,-92.2,97.2,108.9,-140,0.76,0.181,0.068
206,F,C,58.6,-104.6,128.4,116.6,-176.2,0.644,0.279,0.048
207,S,C,64.5,-100.3,61.9,110.6,-176.5,0.663,0.293,0.028
208,G,C,49.5,80.5,-1.3,107.8,-21.7,0.821,0.143,0.041
209,G,C,33.2,90.1,4.4,112.6,-9.1,0.869,0.11,0.031
210,T,C,80,-104.5,133.6,119,157.1,0.602,0.325,0.057
211,C,E,18.4,-105.2,132.8,119.8,-153.8,0.421,0.548,0.017
212,N,E,57.1,-114.9,118.3,116.1,-158.4,0.43,0.543,0.013
213,P,C,27,-73.1,145.6,114,-144,0.652,0.285,0.048
214,Q,E,69.8,-99.1,132.9,115.1,-159.3,0.372,0.636,0.015
215,F,E,38.4,-112.4,134.8,122.8,-160.1,0.219,0.742,0.031
216,V,E,38.9,-113.7,134.6,121.2,-160.1,0.163,0.799,0.033
217,V,E,28.3,-105.8,128.6,116.4,-156,0.217,0.726,0.055
218,C,E,22.9,-112.4,137.8,122,-166,0.203,0.75,0.036
219,Q,E,84.6,-112.8,128,118,-157.8,0.331,0.636,0.03
220,L,C,63.8,-88,128.6,112.5,-140.7,0.583,0.386,0.017
221,K,C,118.7,-81.1,80.4,106.2,-114.9,0.566,0.415,0.029
222,V,E,53,-113,135.3,122,149.1,0.235,0.745,0.023
223,K,E,114.2,-89.4,134.9,117.9,-132.2,0.256,0.726,0.03
224,I,E,42.9,-98.7,123.1,113,-155,0.406,0.54,0.043
225,Y,C,112.4,-110.5,139.6,121.6,-166.3,0.6,0.369,0.02
226,S,C,50.1,-106.9,138.6,120.7,-150.6,0.497,0.482,0.022
227,S,C,51.6,-100.3,132.8,114.4,-153.9,0.711,0.255,0.028
228,N,C,107.3,-87.8,25.7,103.6,-150.1,0.848,0.113,0.027
229,S,C,68.3,-102.8,116.8,114.5,105.3,0.634,0.33,0.03
230,G,C,32.4,-151.7,174.6,128.1,142.2,0.724,0.26,0.02
231,P,C,77.8,-74.9,139.7,113.3,-61.4,0.753,0.199,0.045
232,T,C,65.5,-102,133.4,116.1,-163.5,0.675,0.282,0.035
233,R,C,121.5,-98.2,133.5,115.7,-146.3,0.643,0.301,0.045
234,R,C,130.1,-81.6,32.6,107.7,-138.8,0.394,0.219,0.363
235,E,C,118.5,-81.9,1.5,106.8,107.8,0.686,0.064,0.264
236,D,C,85.5,-84.9,54.6,103.6,89.1,0.835,0.037,0.143
237,K,C,80.4,-101,120.5,114.6,112.4,0.666,0.206,0.117
238,F,E,59,-111.4,134.1,122.3,-163.9,0.247,0.68,0.062
239,M,E,22.4,-122,139.2,124.6,-166.1,0.128,0.818,0.043
240,Y,E,61.1,-114.2,136.5,121.7,-154.6,0.044,0.954,0.01
241,F,E,8,-123,134.8,125.2,-172.2,0.031,0.948,0.015
242,E,E,91.8,-107.9,124.8,116.5,-152.6,0.012,0.989,0.001
243,F,C,15.1,-104.6,135.4,119.5,-162.9,0.703,0.293,0.004
244,P,C,64.3,-71.4,122.3,106.1,-124.2,0.903,0.086,0.018
245,Q,C,87.1,-98.7,139.2,119.4,-45.8,0.908,0.075,0.018
246,P,C,68.2,-71.3,123.3,107.9,-70.7,0.93,0.051,0.017
247,L,C,30.2,-104,141.5,123.3,-172.5,0.733,0.232,0.033
248,P,C,69.3,-71.6,132.9,111.2,-118.2,0.516,0.467,0.004
249,V,C,14.8,-110.6,137.7,122.1,-164.2,0.648,0.316,0.029
250,C,C,49.4,-123.3,136.7,124.3,-176.3,0.649,0.277,0.065
251,G,C,22,107.3,-157,119.9,33,0.756,0.205,0.04
252,D,C,41.7,-99.9,106.5,113.2,-10.3,0.639,0.336,0.019
253,I,E,9.2,-118.7,139.4,126.2,174.5,0.093,0.904,0.001
254,K,E,52.4,-115.3,136.9,124.1,-161.8,0.016,0.981,0.001
255,V,E,3.3,-118.8,131.3,122,-161.6,0.006,0.988,0.012
256,E,E,32.6,-123,136.2,125.8,-169.3,0.012,0.978,0.011
257,F,E,8.8,-110.4,131.7,120.9,-155.7,0.017,0.977,0.005
258,F,E,28.3,-118.2,141.2,122.1,-172.3,0.102,0.887,0.01
259,H,E,38.2,-112.5,124.4,116.6,-164.9,0.053,0.944,0.002
260,K,C,67.7,-85,120.1,109.2,-140,0.665,0.336,0.006
261,Q,C,116.1,-88.5,87.3,108.1,-170.9,0.766,0.197,0.041
262,N,C,89.9,-94.6,117.9,111.7,80.7,0.897,0.041,0.055
263,K,C,152.7,-81.2,-1.2,101.1,-154,0.883,0.031,0.086
264,M,C,110.6,-79.3,-26,103.9,82.7,0.797,0.103,0.096
265,L,C,77.5,-90,132.6,113.8,-157.3,0.809,0.092,0.11
266,K,C,108.7,-98,141.1,118.2,168.4,0.742,0.169,0.109
267,K,C,94.6,-95.7,106.5,111.2,-163.2,0.618,0.307,0.088
268,D,C,66.6,-99.9,126.4,115.4,-169.4,0.596,0.357,0.053
269,K,E,46.5,-118.6,146.8,126.2,-174.8,0.347,0.633,0.016
270,M,E,36.7,-114.1,139.1,121.6,-162.1,0.125,0.865,0.006
271,F,E,8.5,-129.1,145.8,130,-171.5,0.036,0.955,0.018
272,H,E,20.3,-123,134.9,123.6,-161.7,0.043,0.938,0.025
273,F,E,5.3,-118.8,136.7,124.5,-166.2,0.037,0.959,0.007
274,W,E,19.6,-119.6,135.6,123.5,-168.8,0.08,0.918,0.009
275,V,E,10,-107.8,129.2,116.8,-160,0.192,0.809,0.016
276,N,E,16,-97.1,125.9,113.8,-155.1,0.211,0.754,0.02
277,T,C,16,-104.8,122.8,113.2,-164.5,0.508,0.432,0.068
278,F,E,38.2,-110.4,126.7,116.7,130.8,0.332,0.614,0.054
279,F,C,29.8,-99.3,122.5,114.8,-157.3,0.581,0.395,0.027
280,I,C,17.1,-105.4,129.4,117.7,-160.4,0.712,0.272,0.01
281,P,C,55.9,-69.3,146.9,113.7,-124.5,0.841,0.144,0.018
282,G,C,18.4,177.4,171.3,126.4,-80.1,0.935,0.04,0.027
283,P,C,63,-71,-18.2,101,-91.1,0.811,0.047,0.142
284,E,C,110.5,-79.2,-13.9,102.4,99.4,0.819,0.028,0.144
285,E,C,91.7,-82.4,66.2,106.1,50.7,0.494,0.106,0.415
286,T,C,42.2,-87.6,-26.9,105.9,112.7,0.591,0.056,0.338
287,S,H,44,-76.5,-18.9,104.1,114.9,0.382,0.06,0.538
288,E,H,94.6,-79.8,-14.1,102,80.3,0.358,0.117,0.516
289,K,H,73.3,-84.3,-7.2,104.8,74.8,0.314,0.163,0.518
290,V,H,50.4,-80,-28.1,104.6,77.4,0.409,0.115,0.47
291,E,H,111.4,-74.3,-23,98.5,60.6,0.431,0.102,0.466
292,N,C,94.5,-85.2,-6.2,95.1,48.9,0.68,0.017,0.294
293,G,C,33.2,81.4,-0.2,106,-102.1,0.84,0.03,0.12
294,S,C,48.8,-87.9,128.7,112.9,113.1,0.833,0.073,0.1
295,L,C,59.9,-79.2,6.2,102.8,-123.6,0.683,0.151,0.18
296,C,C,44.1,-92.1,131.1,113,133.5,0.729,0.127,0.161
297,D,C,78.2,-84.4,9.7,103.4,165,0.669,0.072,0.252
298,Q,C,75.3,-93.1,136.1,112.3,133.4,0.708,0.093,0.202
299,E,C,100.7,-82.3,78.7,105.2,154.6,0.536,0.088,0.351
300,I,H,47.5,-82,3.1,104.2,153.1,0.416,0.146,0.428
301,D,C,80.4,-80.8,28.2,105.7,98,0.438,0.126,0.42
302,S,C,57.2,-80.1,-21.5,101.6,63.6,0.523,0.089,0.401
303,I,C,45.7,-88.3,-26.3,104.4,92.2,0.572,0.202,0.246
304,C,C,21.7,-104.7,46.9,110,44.3,0.368,0.356,0.276
305,S,C,53.2,-98.5,118.4,112.3,-176.8,0.468,0.303,0.246
306,I,C,39.5,-92.3,129.1,113.4,-167.6,0.51,0.316,0.192
307,E,E,88,-93.8,129.2,113,-167.5,0.387,0.455,0.154
308,R,E,107.8,-98.5,125.1,115.6,-137.8,0.245,0.592,0.177
309,A,C,53.1,-84,99.6,111,-162.8,0.639,0.284,0.081
310,D,C,89.8,-89.4,100.5,109.4,-60.9,0.882,0.06,0.06
311,N,C,113.3,-72.8,5.4,100.5,-52.4,0.768,0.074,0.168
312,D,C,89.1,-87.9,34.5,102.7,86.1,0.85,0.089,0.06
313,K,C,96.9,-89.8,104.6,110.2,145.2,0.714,0.194,0.083
314,E,C,83.8,-85,91.1,108.4,-176.4,0.756,0.184,0.063
315,Y,E,67.9,-120.3,140.7,126.8,159.7,0.197,0.77,0.028
316,L,E,18.6,-107,136.1,120.8,-150.6,0.035,0.958,0.014
317,V,E,43.8,-111.2,126.7,117.4,-153.1,0.012,0.989,0.002
318,L,E,12.4,-110.5,129.5,120.4,-161.5,0.009,0.988,0.002
319,T,E,43.1,-113.8,124.6,118.6,-159,0.066,0.917,0.012
320,L,E,6.8,-124,144,129.6,-178.8,0.097,0.896,0.001
321,T,C,51.3,-80.7,156,120.7,-115.7,0.7,0.299,0.004
322,K,H,64,-55.2,-39.9,90,-117.2,0.174,0.027,0.819
323,N,H,107.8,-66.1,-25.6,91.8,62.6,0.192,0.039,0.761
324,D,H,48.2,-89.4,-2.9,96.6,55.4,0.117,0.025,0.862
325,L,H,15.8,-72.4,-37.4,100.5,75.8,0.255,0.033,0.707
326,D,C,44.9,-73,-14.6,100.4,55.3,0.677,0.009,0.335
327,K,H,128.6,-74,-28.1,101.3,64.9,0.347,0.009,0.64
328,A,C,44.3,-64.8,-22.4,99.7,84.6,0.592,0.008,0.432
329,N,C,57.5,-79.2,10.9,97,46.7,0.541,0.025,0.434
330,K,C,136.4,-77,-8.1,98.4,86.2,0.767,0.015,0.204
331,D,C,82.9,-88,116.3,109.4,96.7,0.924,0.012,0.061
332,K,C,125.5,-72.2,-17.8,98.6,-155.5,0.72,0.007,0.28
333,A,C,53,-65.1,-28.3,97.5,64,0.711,0.015,0.286
334,N,H,71,-80.8,10.7,99.2,64.3,0.498,0.021,0.504
335,R,C,138.4,-88.5,16.8,102.4,115.7,0.812,0.036,0.154
336,Y,C,87.2,-98.4,94,110.3,85.8,0.63,0.108,0.217
337,F,C,28.4,-99.8,133.9,121.3,136.7,0.804,0.162,0.035
338,S,C,33.3,-81,148.8,120.7,-116.6,0.87,0.113,0.02
339,P,C,84.2,-61.9,-9.1,96.7,-115.2,0.977,0.005,0.021
340,N,C,77,-79.1,5.1,94.1,38.6,0.868,0.076,0.06
341,F,C,13.7,-101,142.9,125.8,102.2,0.505,0.47,0.014
342,K,E,87.4,-127.1,141.1,127,-169,0.034,0.958,0
343,V,E,7.9,-113.7,133.2,121.7,-151.8,0.024,0.966,0.019
344,K,E,54.9,-121.3,137.5,124.9,-165.6,0.011,0.989,0.003
345,L,E,6.3,-108,128.3,118.4,-151.1,0.007,0.986,0.005
346,Y,E,63.5,-110.8,126.4,118.6,-162,0.082,0.912,0.005
347,F,E,8.2,-103.8,128.9,118,-156,0.067,0.933,0.003
348,T,C,59.4,-92.3,-28.5,105.4,-172.5,0.742,0.282,0.006
349,K,C,116.6,-110.7,144.5,121.4,3.3,0.897,0.094,0.015
350,T,C,79.7,-101.6,135.5,119,-143.5,0.833,0.146,0.009
351,V,C,75.6,-94.7,124.6,111.5,-142.2,0.859,0.141,0.011
352,E,C,134.9,-90.5,139,114.9,-141.9,0.917,0.071,0.016
353,E,C,127.8,-96.2,126.7,117.1,-102.7,0.934,0.057,0.013
354,P,C,82.2,-67.6,147.3,113.1,-124.5,0.958,0.027,0.016
355,S,C,81.5,-81.1,116.4,110.2,-115.4,0.952,0.016,0.029
356,N,C,93.9,-93.2,118.8,113,-132.2,0.964,0.017,0.021
357,P,C,86.6,-67.2,-9.2,101.4,-142.9,0.819,0.021,0.139
358,E,C,144.2,-82.2,44.5,106.2,79.2,0.872,0.018,0.101
359,A,C,56.9,-78.7,134.5,113.1,131.8,0.859,0.018,0.125
360,S,C,76.2,-93.1,133,115.2,-140.6,0.916,0.02,0.06
361,S,C,72,-91.7,81,109.2,-161.1,0.94,0.02,0.036
362,S,C,86.2,-95.4,120.3,113.1,125.5,0.971,0.012,0.015
363,T,C,79.5,-90,75.4,108.1,157.2,0.963,0.015,0.022
364,S,C,81,-92.8,106.7,110.9,179.3,0.949,0.035,0.016
365,V,C,75.4,-98.5,132.5,116.9,-161.8,0.95,0.046,0.007
366,T,C,84.5,-101.3,135.2,118.8,-161.8,0.95,0.045,0.011
367,P,C,71.9,-65.5,147.9,110.9,-117.9,0.95,0.021,0.024
368,D,C,88.9,-96.6,125.9,114.8,-131.6,0.953,0.026,0.024
369,V,C,62.7,-81,-4.7,102.1,-156.5,0.868,0.032,0.089
370,S,C,62.1,-83.2,-0.6,103.8,68.1,0.846,0.034,0.12
371,D,C,98.6,-82,-3.5,99.3,75.5,0.898,0.016,0.085
372,N,C,110.9,-92.5,109.8,111.2,121.4,0.948,0.012,0.039
373,E,C,102.9,-88.3,129.5,116.3,-166.1,0.981,0.012,0.01
374,P,C,63,-61,144.6,105.3,-115,0.741,0.01,0.241
375,D,C,97.5,-81.2,12.7,101.2,75.9,0.798,0.021,0.174
376,H,C,99.5,-83.5,-15.2,99.5,71.2,0.625,0.028,0.333
377,Y,C,95.8,-93.6,32.9,107.4,67.8,0.666,0.044,0.274
378,R,C,147.7,-93.1,126,112.8,150.3,0.817,0.066,0.113
379,Y,C,122.3,-92.6,111.1,110.6,-174.8,0.934,0.024,0.04
380,S,C,80.4,-100.7,135.9,115.7,162.9,0.947,0.011,0.036
381,D,C,102,-92.2,72.3,107.4,113.4,0.948,0.01,0.04
382,T,C,84.6,-95.4,81.6,110.3,165.4,0.964,0.012,0.025
383,T,C,95.6,-93,49.6,108.7,141.1,0.941,0.017,0.044
384,D,C,103.7,-89,50.7,105,114.7,0.955,0.019,0.028
385,S,C,81.4,-103.9,109.4,115.1,146.9,0.97,0.008,0.019
386,D,C,75.8,-88.1,131.9,116.7,-171.8,0.979,0.012,0.01
387,P,C,81.8,-68,-17.7,95.7,-140.5,0.846,0.005,0.143
388,E,C,125.7,-76.6,-2.3,101,81.4,0.922,0.011,0.065
389,N,C,110.2,-90.4,27.8,102.7,33.3,0.82,0.011,0.156
390,E,C,105.9,-95,139.5,122,161.4,0.964,0.014,0.023
391,P,C,82.5,-65.8,148,110.2,-99.2,0.83,0.083,0.079
392,F,C,83.8,-85.7,37.7,106.4,-138.6,0.831,0.061,0.115
393,D,C,79.7,-93.3,105.2,108.6,131.6,0.819,0.044,0.133
394,E,C,117.5,-79.2,-2.3,100.3,145.7,0.707,0.017,0.275
395,D,C,95.1,-74.2,-27.9,104.2,70.7,0.698,0.003,0.296
396,Q,H,98.3,-68.6,-34.6,96.6,136.8,0.367,0.004,0.61
397,H,H,76.5,-73.8,-31.1,98.8,69.5,0.304,0.017,0.675
398,T,H,77.8,-76.3,-21.8,98.1,63.6,0.345,0.037,0.617
399,Q,H,93.4,-79.8,-24.4,100,74.6,0.339,0.062,0.602
400,I,H,58.1,-78.6,19.2,102.8,71.3,0.339,0.1,0.539
401,T,C,85.4,-90.7,6.2,105.9,122.6,0.594,0.059,0.35
402,K,C,129.5,-91.8,72.9,108.5,69.4,0.586,0.126,0.285
403,V,C,86.2,-91.6,108.9,109.4,163.4,0.894,0.081,0.045