codon,DSSP,phi,psi,ASA
14,C,360,-19.42,240.5
15,C,-104.22,-173.93,118.5
16,C,171.13,-21.68,108
17,C,-175.89,137.04,76.8
18,B,-72.14,118.48,33.3
19,T,-120.94,40.66,102
20,T,-89.72,-29.24,63.8
21,T,-117.07,-105.38,85.6
22,T,173.58,61.3,102.3
23,B,-117.27,148.8,10.3
24,T,-80.33,79.37,35.7
25,E,-152.87,155.4,1.1
26,E,-146.27,125.21,2.5
27,E,-73.7,116.7,34
28,E,-80.66,-30.11,7.8
29,E,-147.62,162.37,42.1
30,T,-53.68,-34.82,104.6
31,T,-100.88,0.63,50.3
32,E,-125.76,114.23,4.4
33,E,-111.58,134.12,0.2
34,E,-109.41,125.54,0
35,E,-137.07,177.99,0.2
36,C,-95.25,-178.7,0.4
37,T,-69.69,121.45,7.4
38,T,-74.57,85.97,0
39,B,-75.18,133.65,0.8
40,T,-72.71,-45.08,98.2
41,T,-130.87,78.8,197.8
42,T,-42.42,154.21,71.1
43,B,174.12,152.98,125.7
44,T,52.37,-107.17,66.5
45,T,-81.14,-20.79,87.9
46,B,-69.77,134.86,28.1
47,C,-134.51,-45.04,193.1
48,C,-69.84,126.42,6.5
49,B,-82.53,126,68.2
50,H,-55.81,-29.08,2
51,H,-68.04,-43.98,71.9
52,H,-64.5,-39.31,53.5
53,H,-62.86,-40.29,0
54,H,-63.52,-54.94,18.8
55,H,-48.28,-54.56,140.5
56,H,-49.94,-58.26,0
57,H,-61.64,-40.77,0.4
58,H,-70.85,-40.51,52.3
59,H,-70.85,-30.84,79.6
60,H,-105.37,-14.35,94.1
61,T,-146.01,88.17,24.8
62,T,-40.31,-90.35,147.8
63,T,-126.75,55.8,100.3
64,T,-137.38,27.11,64.9
65,E,-130.65,144.43,3.2
66,E,-131.67,134.31,24.9
67,E,-100.35,147.86,0
68,E,-124.3,113.54,0
69,E,-98.52,116.2,1.2
70,E,-96.25,3.68,0
71,E,-75.99,103.11,4
72,T,-69.35,-35.44,37.3
73,T,-63,-116.07,81.1
74,T,-65.73,176.91,132.4
75,C,-163.72,172.16,69.4
76,C,-141.42,153.43,4.1
77,C,-76.13,106.76,124.9
78,T,-58.52,30.4,58.2
79,T,-68.9,-56.03,82.1
80,T,-49.8,-27.12,96.2
81,T,-91.58,114.11,5.4
82,C,-79.88,56.52,96.2
83,C,-159.31,-168.61,38.2
84,E,-93.1,141.11,155.6
85,E,-122.31,93.84,5.9
86,E,-77.45,136.69,6
87,E,-106.11,122.38,107.3
88,E,-135.46,65.8,36.3
89,E,-73.41,143.08,66.6
90,E,-154.49,164.51,12.6
91,T,-67.16,140.03,83.5
92,T,-49.69,119.74,59.6
93,T,70.78,11.66,113
94,T,-114.03,165.06,26.5
95,C,-83.93,165.01,8.5
96,C,-86.29,172.25,2.4
97,C,-64.81,140.55,117.2
98,G,-49.99,-48.76,6.2
99,G,-67.46,-3.52,122.8
100,G,-76.81,-33.55,40.9
101,H,-60.26,-61.17,0
102,H,-52.54,-55.45,94.7
103,H,-56.7,-35.39,57.2
104,H,-61.26,-44.04,0
105,H,-63.84,-36.01,0
106,H,-73.82,-39.26,87.8
107,H,-57.61,-59.81,34.8
108,H,-56.63,-45.78,0
109,H,-66.03,-26.59,48.5
110,H,-66.23,-56.9,97.4
111,H,-61.24,-40.22,19.4
112,H,-73.64,-22.24,14.7
113,H,-80.95,36.82,66.2
114,T,42.75,45.62,116.7
115,T,-84.64,-25.76,59.2
116,T,-141.69,-47.85,102.6
117,T,-153.28,-154.78,34.3
118,C,-146.88,16.81,65.4
119,E,-138.16,141.27,5.8
120,E,-133,131.76,0
121,E,-111.82,107.89,1
122,E,-97.97,136.41,0
123,E,-148.54,157.05,0
124,T,-129.29,-126.31,4
125,T,-88.55,-66.3,36.1
126,T,-108.65,8.66,44.9
127,T,62.14,51.3,0.8
128,C,-121.1,-102.44,82.8
129,H,-56.47,-50.49,8.5
130,H,-64.95,-49.1,7.6
131,H,-59.27,-37.72,0
132,H,-63.12,-40.8,0
133,H,-59.92,-50.51,0.2
134,H,-65.49,-43.02,0
135,H,-66.46,-47.43,0
136,H,-62.51,-34.89,0
137,H,-60.41,-42.15,0
138,H,-65.61,-46.31,9.8
139,H,-51.45,-36.26,3
140,H,-77.18,-39.83,12.5
141,H,-67.93,-44.39,46.8
142,H,-66.48,-35.97,158.1
143,T,107.66,16.17,43.2
144,T,-67.76,-44.06,121.9
145,T,-121.66,166.53,36.9
146,T,-115.93,-21.41,127.9
147,C,-119.15,134.65,126.1
148,H,-46.42,-52.47,3.1
149,H,-59.61,-27.13,111
150,H,-71,-43.79,78.5
151,H,-67.36,-43.45,0
152,H,-60.97,-47.16,3.6
153,H,-65.65,-37.23,78.1
154,H,-59.98,-57.03,56.6
155,H,-50.23,-51.23,0
156,H,-54.68,-50.46,2.5
157,H,-62.97,-41.41,98.8
158,H,-80.87,-36.48,26.9
159,H,-81.13,-39.32,12
160,T,-113.52,166.61,11.7
161,T,-94.76,-10.25,145.1
162,T,-119.33,20.7,77.4
163,T,51.07,39.42,147.7
164,T,-121.05,77.45,115.4
165,T,-91.19,-97.3,3.7
166,T,-82.62,108.64,2.3
167,T,-114.51,-24.56,37.5
168,C,-67.77,117.92,26.5
169,H,-51.15,-36.29,11.9
170,H,-62.07,-38.75,0
171,H,-70.12,-46.82,2.4
172,H,-58.01,-38.25,61.5
173,H,-55.56,-43.85,31.7
174,H,-67.74,-20.03,0.4
175,H,-75.23,-32.59,0
176,H,-74.18,-35.25,97.9
177,H,-57.04,-48.53,25.5
178,H,-65.77,-46.91,6.8
179,H,-53.36,-35.83,6.5
180,H,-63.29,-46.57,103
181,H,-63.25,-42.11,14.3
182,H,-59.05,-62.76,51.9
183,H,-55.36,-35.86,119.1
184,H,-87.1,-6.14,71.5
185,C,53.17,53.22,162
186,C,-108.63,155.24,66.7
187,C,-113.22,137.45,124.3
188,C,-64.33,154.11,36.1
189,C,-158.28,127.92,186.9
190,C,-58.17,125.66,87.6
191,C,-111.99,115.56,41.2
192,E,-83.25,138.31,43.8
193,E,-141.91,173.2,1
194,E,-116.66,128.82,50.3
195,E,-95.21,111.42,0.8
196,E,-88.38,-41.23,50.2
197,E,-176.82,170.55,28.7
198,E,-133.31,148.38,0
199,E,-132.77,129.37,13.8
200,E,-86.92,133.56,0
201,T,-73.87,-61.81,51.9
202,T,-107.59,-175.85,29.7
203,T,-104.96,118.56,22.2
204,C,-59.03,143.44,0
205,T,-108.67,91.32,64.7
206,T,-120.22,-15.25,38.5
207,B,-154.81,109.19,37.4
208,T,49.25,56.27,83.9
209,T,76.99,-18.79,47.8
210,B,-128.54,-167.71,50.1
211,C,-148.15,168.58,5.7
212,C,-122.93,71.22,70.6
213,E,-58.17,148.56,0.4
214,E,-152.01,143.05,10.6
215,E,-141.21,161.34,5.6
216,E,-129.95,139.09,27.2
217,E,-114.6,127.95,0
218,E,-122.22,148.15,25.9
219,E,-117.61,109.73,56.2
220,T,61.37,-135.42,77.6
221,T,-91.82,12.84,179.8
222,E,-107.46,121.95,92.5
223,E,-80.59,109.34,162.9
224,E,-88.81,-16.08,61.4
225,E,-155.55,139.88,57.7
226,E,-136.62,119.89,78.2
227,C,-92.27,159,10.3
228,C,-79.39,170.79,120.8
229,C,-69.82,141.48,52.5
230,C,85.83,152.49,18.1
231,T,-73.55,155.05,38.3
232,T,-69.13,-25.57,72.4
233,E,-156.98,126.72,98.6
234,E,-104.46,124.83,125.4
235,E,-134.06,68.37,83.6
236,T,29.63,106.83,111.6
237,T,77.38,-23.01,127.8
238,E,-112.9,140.05,54.7
239,E,-130.49,139.24,3.8
240,E,-121.59,146.8,23.5
241,E,-132.92,100.69,2.8
242,E,-109.19,130.96,74.5
243,E,-70.97,141.47,14.9
244,E,-57.55,-44.63,83.4
245,E,-126.94,143.42,143
246,E,-51.36,127.73,63.6
247,E,-84.48,115.61,14.7
248,E,-65.98,131,90.1
249,E,-140.93,145.16,2.6
250,E,-159.48,130.37,40
251,C,91.27,-137.34,9.2
252,E,-87.2,123.72,12.5
253,E,-128.78,143.85,7.3
254,E,-116.81,139.8,42.4
255,E,-129.87,125.73,1.2
256,E,-128.96,126.97,35.9
257,E,-105.24,146.76,0.2
258,E,-133.87,162.04,19
259,E,-109,122.34,0
260,C,-84.23,107.25,67
261,T,-91.74,131.24,45.7
262,T,-48.93,136.7,88.8
263,T,51.78,36.29,197
264,T,-151.86,122.19,103.8
265,C,-52,-60.69,179.5
266,C,-61.22,129.06,134.1
267,C,-97.94,161.42,91.4
268,E,-91.95,130.76,67.5
269,E,-73.1,126.64,91
270,E,-92.91,-64.17,1.4
271,E,-168.82,175.71,0.9
272,E,-159.54,163.11,31.1
273,E,-160.31,145.97,2.2
274,E,-109.63,143.09,26.5
275,E,-146.68,159.89,4.2
276,E,-120.65,128.19,0
277,G,-53.99,-26.8,1
278,G,-59.53,-39.55,36.2
279,G,-87.28,3.17,30.8
280,C,-78.69,-48.34,20.3
281,C,-54.47,360,82.3
313,C,360,22.38,251.1
314,C,-142.54,-44.84,161.2
315,C,-92.09,168.07,61.2
316,E,-84.09,132.14,30.2
317,E,-117.21,138.04,70.2
318,E,-126.25,122.29,41.3
319,E,-109.87,126.91,59.8
320,E,-111.2,121.56,6
321,E,-84.98,167.37,41.1
322,G,-51.76,-38.97,13.2
323,G,-66.5,-23.1,112.4
324,G,-87.02,-0.88,61
325,T,-103.5,133.5,0
326,T,-45.17,-48.11,10.6
327,T,-105.57,-32.33,99.7
328,G,-62.22,-34.7,1.5
329,G,-56.41,-22.5,14.4
330,G,-83.25,-3.44,121.6
331,T,-87.31,57.65,19.5
332,T,-53.18,-39.09,137.4
333,T,-74.27,15.64,73.5
334,T,36.04,49.48,69.9
335,T,-98.37,-27.56,183.9
336,T,-105.36,-27.12,115.5
337,T,-139.62,136.83,3.2
338,T,-80.57,159.65,31.9
339,T,-66.99,164.18,61.1
340,T,82.76,-18.07,124.7
341,T,-52.59,136.79,0.9
342,E,-148.28,154.82,70.2
343,E,-127.56,113.98,0
344,E,-98.18,136.28,44.1
345,E,-112.61,137.36,2.4
346,E,-117.45,124.74,26.5
347,E,-129.72,166.79,4.6
348,E,-138.68,157.47,29.5
349,E,-86.13,119.91,123.5
350,C,-46.07,-53.99,70.2
351,C,-69.2,360,158.6