codon,residue,A,C,D,E,F,G,H,I,K,L,M,N,P,Q,R,S,T,V,W,Y,,
1,M,87,88,89,89,86,89,89,74,88,73,26,89,89,88,88,88,87,77,88,88,,
2,T,38,83,87,80,84,84,89,87,81,82,87,87,80,84,86,70,24,87,90,89, ,
3,A,33,77,62,69,76,73,68,77,63,72,77,46,77,70,72,58,66,73,70,73,,
4,I,86,92,92,92,78,88,86,38,47,79,83,92,82,85,81,91,78,82,85,83,,
5,I,91,97,98,98,88,98,98,41,97,45,90,98,94,97,96,94,94,88,98,97,,
6,K,98,99,98,98,98,98,98,98,47,98,96,98,98,96,75,97,98,98,98,98,,
7,E,79,89,85,40,89,77,69,88,57,80,82,73,86,68,73,68,80,82,89,88,,
8,I,91,98,98,98,88,98,98,31,93,82,51,98,98,94,98,95,90,88,95,96,,
9,V,98,98,99,99,98,99,99,96,99,98,99,99,99,99,98,98,99,47,99,98,,
10,S,93,98,96,97,98,96,98,98,97,98,98,96,97,97,96,43,95,98,98,97,,
11,R,82,90,88,80,90,77,89,90,61,81,86,87,88,74,40,82,85,88,90,88,,
12,N,92,95,88,90,96,90,88,94,79,93,93,42,85,84,85,86,93,91,96,95,,
13,K,97,98,97,90,97,98,97,97,43,97,91,96,95,95,86,97,95,96,98,98,,
14,R,89,91,93,91,92,95,88,86,83,91,93,87,94,89,43,93,91,91,93,83,,
15,R,97,96,98,96,96,97,96,98,95,97,98,98,98,95,43,96,98,97,96,98,,
16,Y,98,99,98,99,80,99,91,97,98,95,96,99,99,98,98,98,96,97,91,42,,
17,Q,90,91,90,88,91,94,91,83,80,90,78,85,93,39,88,90,82,86,91,82,,
18,E,86,89,76,36,92,90,87,93,86,92,89,86,95,81,86,89,91,92,90,82,,
19,D,84,87,35,72,86,82,78,88,76,87,85,77,84,77,79,84,86,89,89,84,,
20,G,84,87,77,78,88,37,82,85,80,85,85,76,80,81,77,79,81,81,89,85,,
21,F,92,85,92,90,40,93,88,88,89,88,90,90,88,88,91,90,91,90,89,82,,
22,D,85,87,37,82,91,85,85,90,87,88,88,69,87,84,88,83,86,88,91,91,,
23,L,98,98,98,99,96,97,99,97,98,47,95,99,99,98,99,98,98,96,98,97,,
24,D,99,99,43,86,99,99,97,99,99,99,99,97,98,98,99,99,99,99,99,98,,
25,L,99,96,99,99,96,99,99,95,99,48,90,99,99,99,98,99,99,96,98,98,,
26,T,93,93,96,98,98,96,94,96,98,96,98,96,98,97,98,89,46,95,97,97,,
27,Y,99,98,99,99,96,99,98,98,99,99,98,98,99,97,98,99,99,98,88,45,,
28,I,98,99,99,99,98,99,99,44,98,96,97,99,98,99,99,98,99,91,99,99,,
29,Y,91,86,92,88,94,90,89,94,85,93,90,88,94,89,85,86,85,94,96,45,,
30,P,92,97,79,86,97,94,91,96,92,95,95,87,43,93,88,89,90,96,97,96,,
31,N,99,98,98,99,99,98,95,99,93,99,99,50,99,95,88,94,96,99,99,99,,
32,I,99,96,99,99,98,99,99,49,99,93,98,99,99,99,99,99,99,95,99,98,,
33,I,99,97,99,99,98,99,99,50,99,95,98,99,99,99,99,99,99,93,99,98,,
34,A,52,97,99,99,99,97,99,97,99,99,99,99,99,99,99,97,97,94,98,99,,
35,M,99,98,100,100,96,99,98,98,99,99,47,100,100,99,100,99,99,98,100,100,,
36,G,96,94,97,97,96,53,97,99,98,99,98,98,98,98,97,91,96,85,96,97,,
37,F,99,97,99,99,50,98,99,98,99,98,99,99,99,99,99,99,98,98,97,93,,
38,P,97,96,97,98,98,98,97,98,98,96,95,98,53,97,98,96,97,98,99,98,,
39,A,51,95,97,97,97,94,96,97,98,98,98,97,95,96,96,89,95,96,97,98,,
40,E,87,85,77,41,87,85,86,84,86,88,86,82,85,85,86,77,82,85,80,93,,
41,R,84,76,79,84,84,73,76,86,67,85,82,75,84,85,39,84,80,84,80,82,,
42,L,81,86,82,80,72,84,85,69,80,35,70,80,83,80,75,73,77,76,79,70,,
43,E,94,97,92,40,95,91,88,94,92,95,92,93,93,88,91,91,93,95,94,94,,
44,G,76,86,81,77,82,39,83,79,75,87,85,82,84,71,76,73,81,84,85,87,,
45,V,61,84,83,83,77,82,85,78,82,77,77,81,87,81,81,81,81,41,77,80,,
46,Y,99,98,99,99,92,99,97,97,98,99,98,97,99,99,98,99,98,99,96,43,,
47,R,96,97,97,97,98,96,96,97,95,95,98,96,97,95,43,96,97,98,98,97,,
48,N,98,98,98,99,98,98,95,97,98,98,98,45,98,98,98,97,98,98,99,96,,
49,N,96,90,92,95,96,90,81,97,89,97,95,46,85,91,90,91,93,97,98,93,,
50,I,96,96,97,96,94,96,96,47,96,94,85,97,97,93,93,97,82,91,94,93,,
51,D,83,81,41,83,83,82,76,80,77,85,76,82,81,78,78,75,81,83,75,78,,
52,D,91,95,44,83,95,95,89,94,93,94,91,90,94,89,95,92,94,94,94,94,,
53,V,97,97,98,98,97,98,98,95,98,96,97,98,93,98,98,98,95,48,98,97,,
54,V,81,77,90,65,81,89,77,83,82,83,83,91,90,77,82,83,85,42,92,76,,
55,R,82,86,83,84,91,87,83,91,82,86,88,81,89,81,39,82,67,90,92,84,,
56,F,98,98,99,99,43,99,97,97,99,93,92,98,99,98,99,97,99,97,97,85,,
57,L,99,97,99,99,87,99,99,96,99,45,97,99,99,99,99,99,99,97,99,99,,
58,D,91,88,40,71,91,89,84,91,80,91,88,78,87,80,83,84,87,91,86,91,,
59,S,78,78,82,68,82,80,76,77,71,77,78,75,83,69,76,36,67,83,85,69,,
60,K,94,93,94,92,80,94,78,95,40,90,89,86,94,86,77,90,92,90,95,87,,
61,H,98,95,98,98,95,98,39,98,98,98,98,98,98,98,98,98,98,98,99,90,,
62,K,70,76,75,72,77,64,72,78,36,78,81,70,65,66,70,70,69,80,83,75,,
63,N,87,93,75,86,92,73,84,92,89,93,86,41,92,84,90,88,89,92,93,90,,
64,H,94,86,93,97,93,95,46,95,91,96,97,91,97,92,95,90,97,96,98,94,,
65,Y,99,96,99,99,92,98,98,98,99,97,98,99,99,99,99,98,99,96,95,49,,
66,K,96,92,96,96,91,97,94,94,49,94,89,96,95,93,92,97,93,95,91,94,,
67,I,97,95,97,98,92,95,95,52,98,93,93,97,96,98,97,97,95,85,95,96,,
68,Y,99,98,99,99,93,99,96,94,99,96,96,99,99,99,99,97,98,95,91,50,,
69,N,99,97,97,99,99,99,95,99,99,99,99,47,99,99,96,98,98,99,99,99,,
70,L,99,96,99,99,93,99,99,96,99,48,96,99,99,99,96,99,98,96,99,99,,
71,C,96,44,98,98,98,98,98,98,97,97,97,97,98,97,94,94,95,98,97,98,,
72,A,41,80,78,79,87,78,86,85,78,82,82,79,86,86,84,64,82,85,91,86,,
73,E,90,77,84,43,87,85,78,84,84,89,84,83,87,83,82,84,87,87,90,86,,
74,R,95,94,93,91,92,92,85,92,86,94,94,92,94,92,40,94,92,94,92,92,,
75,H,67,73,70,68,66,67,32,72,65,73,74,69,68,65,69,55,62,73,80,68,,
76,Y,99,98,98,98,96,99,96,98,99,98,99,98,98,97,99,97,98,99,98,40,,
77,D,95,95,40,93,97,96,91,96,95,97,98,91,92,96,94,92,96,94,98,97,,
78,T,38,78,73,78,75,83,74,74,76,80,87,81,59,83,80,76,28,78,85,73,,
79,A,36,68,67,63,78,75,63,78,61,76,65,65,74,68,69,28,27,78,82,80,,
80,K,85,89,89,81,87,93,85,88,38,87,90,84,91,88,73,88,91,89,90,83,,
81,F,99,100,100,99,41,99,99,97,99,96,97,98,99,98,99,99,99,97,99,98,,
82,N,83,90,71,74,90,76,69,90,72,90,88,36,84,77,78,81,79,90,92,86,,
83,C,83,41,88,90,82,62,80,75,84,84,74,76,87,79,90,81,89,80,95,83,,
84,R,93,94,93,91,96,97,90,95,81,93,92,88,86,83,41,92,89,93,98,92,,
85,V,96,94,99,98,95,98,97,94,98,96,96,97,99,97,99,98,97,44,98,94,,
86,A,38,82,86,79,83,82,78,86,79,82,78,80,91,74,78,80,73,86,90,84,,
87,Q,87,88,74,76,88,86,86,85,81,91,90,79,88,41,82,87,79,79,88,82,,
88,Y,99,97,99,99,88,99,97,95,98,95,96,99,99,99,99,99,97,95,96,46,,
89,P,92,98,96,96,95,97,98,96,97,98,96,97,46,96,97,98,98,99,99,98,,
90,F,99,98,99,99,51,99,98,96,99,98,96,99,99,99,98,99,96,98,92,98,,
91,E,94,95,88,50,97,96,94,97,88,95,91,92,94,91,92,91,93,95,97,94,,
92,D,98,99,46,98,99,98,99,99,99,99,100,98,99,99,99,99,98,99,100,99,,
93,H,99,98,98,98,97,97,43,99,96,97,97,97,99,98,98,99,99,98,99,96,,
94,N,88,93,97,89,95,93,89,94,96,87,92,50,94,92,94,91,90,95,94,94,,
95,P,89,92,98,97,98,98,98,94,97,97,97,95,51,97,97,90,94,91,99,97,,
96,P,92,96,97,97,98,97,98,97,96,95,98,97,51,97,97,95,95,97,99,97,,
97,Q,89,90,86,86,94,96,91,95,79,89,86,92,88,48,93,89,88,95,96,92,,
98,L,99,99,99,99,91,99,99,93,99,50,96,99,99,99,99,99,98,98,99,98,,
99,E,88,95,76,40,93,87,87,92,86,90,94,83,83,84,88,84,90,91,95,94,,
100,L,95,97,89,88,95,97,94,88,87,46,85,93,97,79,90,87,91,90,98,95,,
101,I,98,99,100,100,98,99,99,50,100,94,94,100,100,100,99,99,99,92,100,99,,
102,K,91,91,90,87,90,96,91,83,45,82,91,91,91,83,86,90,86,85,95,87,,
103,P,74,94,74,70,90,87,81,87,70,85,84,77,44,73,70,72,81,86,96,90,,
104,F,99,99,100,100,44,100,100,96,100,98,97,100,100,100,100,99,100,98,98,98,,
105,C,99,45,100,100,99,99,99,90,99,95,95,99,100,99,99,98,97,92,99,99,,
106,E,84,95,80,43,95,94,84,94,80,92,94,78,97,82,82,87,91,92,97,93,,
107,D,92,98,47,91,96,96,93,93,93,94,97,95,98,94,93,87,93,95,95,96,,
108,L,89,90,99,98,94,99,98,88,98,47,84,99,99,96,98,96,96,81,99,98,,
109,D,89,95,41,82,93,94,84,94,89,95,90,89,97,88,88,92,93,94,95,90,,
110,Q,78,88,70,62,85,76,78,87,73,45,83,77,87,28,69,70,80,82,90,82,,
111,W,98,99,99,99,95,99,96,98,99,98,99,99,99,99,99,99,97,99,41,95,,
112,L,94,94,94,93,90,94,93,89,93,49,88,94,93,91,94,94,90,90,94,91,,
113,S,66,87,74,73,84,78,77,84,68,80,84,71,80,77,74,35,71,81,88,81,,
114,E,74,92,82,38,90,85,87,87,73,80,87,85,91,73,75,82,83,89,94,91,,
115,D,91,95,41,86,96,84,85,96,88,95,97,84,95,87,93,81,93,94,98,97,,
116,D,73,90,36,36,88,82,82,86,59,79,87,68,63,65,72,71,79,81,92,85,,
117,N,80,90,66,64,88,66,76,85,61,78,85,34,85,72,67,70,79,86,91,86,,
118,H,95,97,97,96,98,90,47,98,96,97,98,73,98,97,92,96,97,97,99,96,,
119,V,95,99,99,99,99,99,99,95,98,97,98,99,98,99,98,99,96,50,99,99,,
120,A,52,95,99,99,99,99,99,87,99,95,96,99,99,99,99,99,98,82,99,99,,
121,A,54,98,99,99,96,96,99,91,99,96,99,99,99,99,99,98,99,88,99,99,,
122,I,99,99,100,100,99,100,100,54,100,97,99,100,100,100,100,100,92,83,100,100,,
123,H,100,100,100,100,100,100,42,100,100,100,100,99,100,100,100,100,100,100,100,99,,
124,C,100,64,100,100,100,100,99,100,100,100,100,100,100,100,100,100,100,100,100,100,,
125,K,95,99,97,97,98,98,97,97,47,95,96,95,98,91,92,97,97,96,98,97,,
126,A,45,97,95,97,98,91,96,98,97,97,97,95,98,98,96,96,95,97,98,97,,
127,G,99,99,99,99,100,44,99,100,100,100,100,99,99,99,100,99,99,100,100,100,,
128,K,97,98,98,98,97,98,98,94,48,93,95,98,99,96,93,97,96,96,94,98,,
129,G,98,99,99,98,100,50,99,100,100,100,100,98,99,99,99,98,99,99,100,100,,
130,R,100,100,100,100,100,100,100,100,99,100,100,100,100,96,48,99,100,100,100,100,,
131,T,98,99,99,100,100,100,100,94,100,99,100,99,99,100,100,95,52,99,100,100,,
132,G,96,100,100,100,100,51,100,100,100,100,100,100,99,100,100,99,100,99,100,100,,
133,V,98,96,99,99,98,99,99,96,99,95,96,99,99,99,99,98,86,53,99,98,,
134,M,98,99,99,100,96,99,100,94,100,93,49,99,100,100,99,99,99,94,100,99,,
135,I,97,97,99,99,99,99,100,49,99,97,98,99,99,99,99,98,98,92,100,99,,
136,C,95,45,100,99,99,98,99,99,99,99,99,99,99,99,93,96,97,98,100,99,,
137,A,49,91,99,99,99,99,99,98,99,99,98,99,99,99,99,94,98,99,99,99,,
138,Y,100,99,100,100,97,100,99,99,100,97,100,100,100,100,100,100,99,99,96,45,,
139,L,99,99,99,99,98,100,99,98,100,50,93,100,100,99,99,99,99,98,100,99,,
140,L,96,97,98,98,95,98,96,86,98,43,78,96,99,96,97,97,96,87,99,96,,
141,H,90,96,91,90,86,97,45,94,91,91,93,94,98,95,83,90,93,96,88,75,,
142,R,80,82,80,82,90,91,86,81,80,82,87,79,92,76,38,75,82,86,91,87,,
143,G,84,88,81,72,86,37,75,91,38,82,82,74,89,78,68,81,85,90,90,81,,
144,K,75,84,73,73,82,68,69,74,34,72,75,77,84,64,63,78,80,79,84,79,,
145,F,95,84,98,96,39,97,94,93,93,94,92,97,99,94,97,94,95,92,84,90,,
146,L,35,73,63,65,52,70,75,76,64,35,69,69,59,72,74,66,67,77,76,72,,
147,K,85,90,42,44,96,84,85,90,28,91,84,72,87,85,84,69,63,92,97,91,,
148,A,41,95,96,94,96,95,98,96,95,94,94,96,83,97,97,91,89,84,98,96,,
149,Q,77,90,61,59,88,82,78,83,70,83,84,77,82,36,74,77,77,86,89,84,,
150,E,91,97,78,43,96,94,91,96,90,95,95,91,96,90,91,90,93,93,98,96,,
151,A,45,97,99,98,98,98,99,97,99,99,99,97,99,99,99,93,97,96,99,99,,
152,L,96,98,99,98,94,99,98,88,97,47,86,98,97,97,96,98,98,93,97,97,,
153,D,79,96,34,71,91,89,83,93,82,90,90,80,91,76,70,79,86,88,96,84,,
154,F,97,98,98,96,45,98,90,94,96,79,91,98,99,98,96,98,96,93,93,85,,
155,Y,99,98,99,99,82,99,97,94,99,92,96,99,99,99,99,99,99,91,99,48,,
156,G,83,93,90,90,97,47,95,96,89,95,96,90,97,89,85,80,92,95,97,93,,
157,E,82,90,82,41,86,91,83,85,78,89,85,81,94,73,85,84,81,88,89,87,,
158,V,78,95,95,89,95,95,94,85,75,88,85,93,97,84,77,91,91,44,98,88,,
159,R,99,99,100,99,99,99,99,99,98,100,100,99,99,98,46,98,99,99,100,99,,
160,T,90,83,93,91,83,90,88,88,91,89,85,90,88,91,91,89,41,89,91,91,,
161,R,83,70,80,84,81,82,72,84,67,81,78,79,83,73,33,80,75,80,89,76,,
162,D,79,82,37,75,82,80,78,81,76,84,79,65,75,81,70,77,79,81,80,86,,
163,K,71,73,73,63,71,74,62,78,36,71,66,72,76,72,67,74,73,78,67,71,,
164,K,85,92,86,83,84,83,83,89,39,85,86,80,83,77,79,84,89,86,79,84,,
165,G,91,91,97,95,95,46,89,93,94,94,92,95,95,95,95,93,94,94,93,95,,
166,V,89,81,90,90,89,91,87,84,90,88,84,90,90,90,90,89,90,46,81,86,,
167,T,94,91,95,91,94,94,93,92,93,94,84,90,91,87,92,93,48,91,91,94,,
168,I,96,94,97,97,93,94,94,45,96,92,93,94,94,91,97,95,89,91,94,92,,
169,P,97,99,98,98,98,98,98,96,98,97,98,98,47,96,96,98,98,97,98,98,,
170,S,97,96,98,98,98,99,98,99,98,97,99,97,97,98,99,51,98,99,99,99,,
171,Q,98,97,97,97,97,98,95,97,97,98,97,95,97,52,97,98,97,98,96,97,,
172,R,93,91,95,92,96,93,90,88,91,92,91,91,96,86,49,91,94,88,94,92,,
173,R,99,86,99,99,99,99,98,97,97,97,98,99,99,98,48,99,99,99,98,99,,
174,Y,99,98,99,100,97,100,99,99,99,99,99,100,99,98,99,99,99,99,96,47,,
175,V,99,96,100,99,97,99,100,90,99,96,97,99,98,99,99,99,98,51,99,99,,
176,Y,93,95,89,81,88,88,83,96,88,93,95,90,97,82,85,92,94,96,90,45,,
177,Y,99,99,99,99,97,99,98,97,99,98,95,99,99,99,99,99,99,99,98,44,,
178,Y,98,93,99,98,85,99,97,97,99,96,96,99,97,98,99,99,99,95,94,47,,
179,S,84,92,84,76,95,83,79,91,90,95,94,51,94,86,91,29,93,95,83,90,,
180,Y,81,85,71,80,88,86,31,87,79,86,88,81,91,77,77,79,81,91,82,40,,
181,L,93,96,98,97,88,98,94,86,97,44,88,98,98,98,96,95,95,91,85,90,,
182,L,97,95,98,98,90,98,97,85,93,38,88,97,96,97,94,95,87,87,97,93,,
183,K,82,80,79,76,84,86,79,83,36,85,86,76,84,71,58,72,81,85,81,86,,
184,N,67,80,71,62,72,60,28,74,57,72,63,32,72,67,50,64,69,75,71,66,,
185,H,77,72,74,68,79,67,22,64,38,78,80,66,78,35,60,72,77,81,74,75,,
186,L,81,90,87,82,79,83,83,54,79,34,79,84,84,84,79,90,81,78,65,80,,
187,D,66,74,23,34,76,67,66,67,58,65,72,58,54,59,65,65,63,65,49,71,,
188,Y,84,86,91,87,79,89,84,62,87,80,79,86,78,83,86,87,87,82,84,37,,
189,R,77,82,85,76,75,85,73,81,36,77,77,61,66,69,23,69,79,76,85,79,,
190,P,86,95,86,87,91,91,92,96,86,92,94,90,34,87,84,85,86,92,95,96,,
191,V,83,92,86,77,90,87,86,80,69,80,86,83,84,72,60,72,68,35,96,90,,
192,A,35,84,85,73,91,88,87,84,72,85,79,81,55,78,66,73,62,79,91,91,,
193,L,97,94,99,97,95,99,99,86,92,37,87,99,99,97,97,97,97,86,99,96,,
194,L,86,90,89,80,68,89,84,80,77,36,77,82,87,80,76,86,72,78,90,75,,
195,F,98,98,98,97,42,97,95,80,97,56,92,98,97,98,97,96,98,90,99,95,,
196,H,91,90,85,88,93,95,37,86,75,91,91,82,95,78,79,85,85,87,98,90,,
197,K,81,77,94,79,93,78,82,91,38,92,92,86,92,79,82,66,88,90,98,93,,
198,M,88,84,93,89,77,93,90,67,87,79,40,92,91,91,88,89,85,76,90,90,,
199,M,84,85,87,74,77,79,84,64,73,53,24,82,83,76,63,71,73,35,85,72,,
200,F,84,85,91,87,39,90,87,65,89,69,73,92,90,87,84,82,80,75,87,84,,
201,E,85,92,82,36,90,90,75,85,81,89,84,83,88,43,82,83,86,85,89,83,,
202,T,83,93,88,90,92,69,90,85,86,92,88,82,70,86,79,80,38,83,93,86,,
203,I,93,87,98,98,97,98,96,26,97,51,97,98,91,98,96,95,95,79,98,94,,
204,P,98,99,99,98,100,98,98,98,98,99,100,98,37,98,97,98,98,97,100,98,,
205,M,76,87,77,85,86,85,76,72,76,75,35,60,90,79,76,77,77,78,91,80,,
206,F,96,96,98,99,34,96,98,90,97,91,87,96,98,97,96,94,95,93,93,93,,
207,S,78,92,73,74,88,78,70,86,69,85,92,63,84,72,76,35,56,85,89,85,,
208,G,73,90,76,72,82,33,83,76,66,79,82,71,83,75,75,69,72,81,92,84,,
209,G,79,78,74,72,77,37,78,78,74,78,88,74,84,78,52,69,80,84,72,83,,
210,T,73,85,74,79,87,56,80,79,70,78,86,65,72,67,71,56,36,74,85,84,,
211,C,85,31,95,90,74,77,97,88,89,87,94,91,95,92,95,86,85,87,91,93,,
212,N,69,55,39,76,82,81,82,75,55,74,78,33,82,74,66,58,75,77,83,70,,
213,P,72,92,74,80,83,79,75,81,65,77,80,76,38,75,71,78,83,75,93,85,,
214,Q,77,73,88,77,65,81,72,76,78,68,72,77,76,36,74,72,76,69,77,71,,
215,F,95,88,93,92,37,96,97,87,87,84,87,95,96,91,93,91,95,86,97,80,,
216,V,86,87,90,86,78,86,91,68,83,75,77,91,86,85,83,80,79,35,94,91,,
217,V,92,96,95,84,96,90,95,75,89,85,92,92,97,87,89,89,85,36,98,94,,
218,C,84,22,89,86,79,87,78,63,86,72,82,89,92,91,83,77,69,63,81,24,,
219,Q,87,91,85,76,85,84,84,87,78,86,83,80,92,34,85,64,87,81,96,83,,
220,L,53,65,58,53,72,48,53,63,51,32,65,43,62,42,57,48,57,60,77,60,,
221,K,80,90,69,74,84,70,82,84,33,79,79,63,81,79,73,73,76,81,88,80,,
222,V,62,83,62,59,74,65,71,69,45,65,72,60,70,52,65,61,58,33,85,83,,
223,K,86,92,81,76,87,86,80,87,33,79,90,79,78,77,72,82,75,74,94,89,,
224,I,88,94,90,88,89,93,89,36,84,71,85,87,88,89,94,85,88,71,97,90,,
225,Y,90,93,94,95,74,94,54,90,89,84,96,93,94,92,94,90,90,87,96,21,,
226,S,85,86,83,76,83,86,80,79,74,89,92,83,83,77,85,23,35,78,95,83,,
227,S,89,91,85,84,86,89,91,92,84,90,93,89,90,83,94,32,82,91,98,91,,
228,N,73,80,65,59,75,70,78,76,60,78,80,32,32,65,69,64,66,75,85,74,,
229,S,64,75,71,57,76,79,70,67,60,67,72,67,31,61,66,22,63,66,82,69,,
230,G,34,82,68,61,72,23,64,77,59,67,76,68,77,66,64,32,63,68,87,68,,
231,P,58,80,65,60,79,71,38,70,59,57,82,43,23,73,70,58,68,72,86,76,,
232,T,76,75,73,74,67,74,74,71,62,70,76,66,79,73,75,69,33,71,65,65,,
233,R,85,88,78,76,81,83,75,82,66,84,84,70,77,73,34,74,75,77,88,83,,
234,R,72,89,64,58,76,72,72,74,63,70,76,68,76,72,35,68,73,73,61,77,,
235,E,70,69,70,34,86,66,66,73,64,68,69,55,67,63,72,67,63,67,90,74,,
236,D,70,91,35,34,85,74,71,73,67,71,71,64,75,68,60,68,63,70,83,76,,
237,K,74,69,77,72,82,73,66,79,34,84,81,75,75,71,73,75,72,84,87,80,,
238,F,72,55,71,69,22,75,28,77,76,49,78,66,82,64,65,65,62,72,83,19,,
239,M,69,83,72,71,75,83,74,69,73,63,34,78,79,74,81,76,73,76,78,82,,
240,Y,76,71,77,61,42,83,73,30,66,64,85,77,81,71,71,69,71,68,79,21,,
241,F,87,90,91,92,33,86,92,67,87,89,92,87,97,89,96,90,92,80,99,76,,
242,E,88,88,80,34,92,90,79,81,73,85,83,83,85,84,84,74,74,77,91,89,,
243,F,77,79,89,84,36,88,94,77,86,74,75,92,89,92,88,90,86,82,83,84,,
244,P,62,66,55,61,65,69,66,56,56,59,56,61,33,63,62,45,54,56,82,62,,
245,Q,58,60,65,61,60,70,63,55,55,50,64,64,61,32,63,66,63,53,80,64,,
246,P,72,75,74,72,81,79,77,83,73,79,86,75,35,77,78,72,72,84,92,78,,
247,L,85,76,91,86,86,91,96,69,89,35,84,95,88,88,94,93,84,76,97,88,,
248,P,83,93,86,82,92,91,88,88,84,84,93,88,36,90,86,83,87,85,95,90,,
249,V,94,97,94,96,97,98,96,82,97,79,93,96,98,97,98,97,93,38,99,96,,
250,C,74,36,83,76,82,87,76,85,67,89,90,73,88,61,66,73,74,83,92,80,,
251,G,94,94,90,97,98,39,98,96,93,97,97,94,97,95,94,93,97,96,98,98,,
252,D,99,99,40,96,98,99,99,99,99,99,99,96,99,99,99,97,98,99,99,99,,
253,I,96,99,99,99,95,99,99,43,99,95,85,99,99,99,99,99,97,81,98,99,,
254,K,97,97,97,96,98,98,94,95,44,93,92,96,98,90,81,96,94,92,99,95,,
255,V,84,96,84,90,86,84,94,77,91,63,86,90,91,92,92,90,84,43,97,94,,
256,E,91,96,39,40,97,96,91,94,87,94,92,91,97,88,92,94,93,92,95,94,,
257,F,98,90,99,99,42,99,99,91,99,87,98,99,99,99,99,99,98,86,99,99,,
258,F,94,95,96,87,40,95,82,85,84,83,94,92,97,93,91,90,85,85,91,71,,
259,H,89,89,91,92,88,78,35,91,90,84,93,86,96,90,93,89,95,91,98,91,,
260,K,86,93,90,59,93,90,93,90,38,89,91,83,91,82,73,84,90,92,94,91,,
261,Q,59,57,63,68,56,63,61,56,59,53,63,60,57,33,52,49,57,31,79,67,,
262,N,65,75,65,68,62,69,61,60,57,61,73,32,73,69,40,27,65,63,81,63,,
263,K,64,83,52,57,70,68,55,67,30,69,67,57,63,63,58,54,53,67,83,74,,
264,M,58,86,68,68,67,69,74,55,50,56,33,65,65,67,41,59,65,63,83,77,,
265,L,66,80,40,65,67,50,65,73,60,24,33,70,67,62,74,60,62,70,88,73,,
266,K,79,88,79,75,80,73,81,82,34,81,84,74,71,74,67,63,76,79,89,76,,
267,K,87,94,75,68,91,81,83,86,35,84,83,74,79,78,59,78,82,86,94,87,,
268,D,87,88,36,65,90,78,80,80,66,85,79,75,89,79,85,77,77,76,92,88,,
269,K,83,80,95,87,88,88,90,88,38,88,85,88,84,89,82,93,87,84,98,95,,
270,M,94,95,97,96,95,98,94,91,96,88,39,94,94,96,94,96,97,89,97,97,,
271,F,98,87,99,99,40,96,99,95,98,95,96,99,98,98,99,98,98,98,97,99,,
272,H,97,99,95,96,94,93,43,98,92,93,95,93,98,87,86,93,93,96,99,91,,
273,F,95,89,99,99,45,99,99,94,98,93,93,99,99,99,99,99,96,91,99,97,,
274,W,97,94,99,99,99,91,98,98,99,97,97,99,99,96,99,97,98,99,38,97,,
275,V,96,96,99,99,40,98,95,39,99,71,98,98,99,99,99,98,96,50,96,97,,
276,N,98,100,97,99,99,98,84,99,99,99,99,46,99,99,99,98,99,99,100,86,,
277,T,90,90,99,99,97,98,99,96,98,96,92,99,97,99,98,95,52,95,99,98,,
278,F,84,91,90,96,44,89,96,90,95,94,88,91,95,88,91,85,90,95,78,87,,
279,F,99,100,100,100,42,100,100,99,100,98,98,100,100,99,100,99,99,98,99,99,,
280,I,91,97,97,88,92,97,87,41,96,91,92,93,98,96,97,96,91,77,98,97,,
281,P,70,75,80,79,89,76,82,89,82,84,71,86,33,82,78,71,55,78,94,90,,
282,G,73,90,86,65,87,35,81,88,83,86,73,73,86,86,83,75,75,86,93,81,,
283,P,63,76,72,65,54,62,68,66,60,61,58,60,34,62,57,63,41,60,80,60,,
284,E,54,78,71,34,76,71,81,50,68,69,74,65,81,66,70,70,72,55,81,80,,
285,E,73,76,74,33,84,72,74,85,58,79,79,71,79,68,74,75,79,82,91,76,,
286,T,35,89,61,44,78,71,80,80,75,69,71,28,74,78,66,35,22,72,86,82,,
287,S,71,80,67,68,78,35,86,68,83,49,86,71,83,82,41,22,70,75,87,86,,
288,E,73,85,30,23,74,69,80,79,63,76,70,64,63,72,70,62,55,77,85,78,,
289,K,74,81,74,66,83,79,84,81,33,73,79,77,81,82,67,73,81,82,90,84,,
290,V,69,87,68,81,79,67,83,65,81,33,82,82,81,81,82,72,73,23,84,68,,
291,E,73,86,67,34,73,79,73,83,73,75,75,79,80,72,63,70,79,75,88,82,,
292,N,82,88,70,73,81,70,73,82,80,75,86,36,82,82,76,71,76,81,87,84,,
293,G,76,84,72,82,82,35,82,87,84,78,87,77,80,72,83,69,84,83,91,78,,
294,S,40,86,75,67,83,78,74,82,69,80,84,59,80,67,74,23,68,83,85,83,,
295,L,44,82,74,67,69,75,79,62,74,23,77,67,59,79,65,72,74,35,84,78,,
296,C,60,21,73,73,77,37,80,78,68,68,82,29,57,71,77,60,62,35,77,77,,
297,D,49,80,22,66,71,70,60,79,70,74,83,35,60,74,70,60,72,78,85,80,,
298,Q,31,72,66,42,73,58,74,75,69,69,68,64,69,22,61,55,66,73,82,68,,
299,E,61,82,32,22,72,63,79,77,42,75,79,64,62,70,65,70,64,76,79,74,,
300,I,67,71,67,75,76,65,79,22,75,59,81,76,61,69,76,30,43,30,83,81,,
301,D,78,87,21,68,79,67,46,82,76,78,84,61,65,41,79,66,68,79,83,80,,
302,S,75,76,66,68,79,68,78,71,70,70,75,74,62,39,66,22,70,65,85,81,,
303,I,70,83,77,77,77,28,81,22,76,29,62,77,71,76,77,72,59,63,86,80,,
304,C,65,21,68,58,77,23,84,67,68,76,72,77,73,78,81,30,76,33,84,82,,
305,S,67,84,72,69,78,37,67,77,56,74,59,35,72,72,71,22,71,76,84,76,,
306,I,28,64,63,28,65,56,77,21,59,60,79,76,75,77,76,70,61,56,85,76,,
307,E,67,85,54,31,71,73,75,79,69,74,81,73,62,36,73,59,69,75,76,78,,
308,R,81,48,81,76,73,51,59,74,66,81,86,79,81,80,23,65,74,80,84,82,,
309,A,23,86,77,63,71,44,67,77,74,57,83,75,40,77,32,23,66,76,86,79,,
310,D,67,84,22,37,82,70,84,84,72,80,84,79,73,80,81,65,73,81,81,81,,
311,N,70,84,71,63,76,31,76,76,65,73,80,22,56,67,62,31,71,72,84,79,,
312,D,85,92,33,42,86,70,89,88,85,73,78,69,87,85,80,69,79,86,92,82,,
313,K,66,67,81,67,74,65,85,81,22,72,84,79,64,71,31,65,81,71,89,82,,
314,E,75,86,27,23,79,70,71,80,61,69,83,67,61,67,57,58,75,74,81,79,,
315,Y,81,87,79,66,65,79,71,83,68,65,74,76,81,69,65,64,57,68,89,34,,
316,L,90,78,88,88,72,87,73,73,86,31,92,89,78,89,74,87,87,75,91,63,,
317,V,86,92,90,80,91,86,92,34,79,76,91,90,88,90,90,87,73,21,81,92,,
318,L,97,99,97,96,89,98,94,89,95,34,91,96,97,94,98,97,96,83,96,91,,
319,T,85,97,94,82,91,95,90,80,84,89,88,92,95,91,79,81,35,82,96,89,,
320,L,96,99,98,97,90,99,96,88,98,38,94,98,98,98,97,98,98,97,97,97,,
321,T,91,86,81,87,93,85,81,91,80,92,94,81,79,85,70,43,26,85,96,88,,
322,K,96,98,97,95,96,98,96,90,38,85,96,96,96,96,88,96,95,94,94,97,,
323,N,74,86,57,63,83,78,73,83,75,84,80,36,74,67,80,61,49,74,71,80,,
324,D,93,90,40,68,64,87,94,91,92,87,84,93,93,69,91,92,93,89,96,93,,
325,L,98,99,98,97,98,98,99,84,98,41,95,98,98,98,98,97,97,92,99,99,,
326,D,99,99,37,96,99,99,99,99,99,99,99,99,99,98,99,99,99,99,100,99,,
327,K,88,94,74,81,93,78,91,86,38,88,93,80,88,88,76,79,90,91,93,89,,
328,A,40,98,96,96,99,95,98,98,97,97,97,96,89,98,98,96,95,92,98,98,,
329,N,82,72,87,91,74,88,69,83,92,78,81,40,92,91,89,79,89,72,81,73,,
330,K,86,94,63,75,90,81,85,89,41,89,89,82,86,84,81,76,82,88,88,88,,
331,D,86,91,37,92,94,87,96,95,69,95,96,87,92,88,91,90,93,94,98,97,,
332,K,64,85,79,77,79,84,77,77,34,72,78,74,68,60,75,69,71,75,89,85,,
333,A,36,77,69,67,80,77,61,77,59,71,76,59,77,66,67,47,62,75,71,70,,
334,N,92,87,80,88,91,87,73,93,79,90,95,39,93,64,88,91,90,94,83,93,,
335,R,69,84,56,69,85,72,66,79,46,77,80,66,73,70,34,48,73,78,88,83,,
336,Y,87,94,90,86,88,92,85,82,76,79,87,68,94,78,81,90,85,83,79,59,,
337,F,99,98,98,98,36,99,99,96,87,93,98,99,98,98,98,98,98,97,98,83,,
338,S,86,97,81,86,95,83,86,96,90,92,96,84,68,85,82,40,82,95,95,94,,
339,P,54,71,49,43,75,70,66,70,38,69,70,55,29,54,49,54,65,69,82,75,,
340,N,81,94,59,73,90,83,89,89,74,87,89,35,90,78,83,79,83,90,95,85,,
341,F,99,97,100,99,34,98,99,99,99,95,98,100,100,99,99,99,98,99,99,97,,
342,K,78,91,91,84,93,92,83,94,39,94,93,76,88,78,75,75,81,92,96,92,,
343,V,79,82,79,78,82,87,88,74,77,74,79,77,76,82,81,79,81,40,93,89,,
344,K,89,92,78,71,93,88,80,88,38,88,93,85,92,86,83,81,80,87,96,92,,
345,L,94,93,96,95,84,96,96,84,96,40,77,90,97,95,95,94,94,84,94,96,,
346,Y,82,86,77,67,34,88,73,76,61,70,85,78,85,67,70,74,73,71,93,37,,
347,F,96,98,98,97,35,97,98,93,97,81,81,97,98,97,97,97,96,81,98,94,,
348,T,69,89,73,55,90,84,61,83,69,84,72,81,82,68,71,31,23,77,93,89,,
349,K,65,79,66,63,60,73,68,58,33,48,69,75,75,65,61,62,65,47,82,74,,
350,T,76,76,80,78,85,77,86,75,74,68,71,86,80,85,87,72,35,58,92,81,,
351,V,67,80,74,75,63,70,80,64,76,52,72,71,66,73,72,71,68,32,85,76,,
352,E,70,87,65,29,83,69,78,84,68,81,83,75,81,67,71,62,68,79,89,85,,
353,E,70,72,59,31,85,73,79,81,57,76,79,70,70,65,71,72,67,80,90,84,,
354,P,79,87,78,88,87,64,88,72,87,90,88,88,33,79,90,75,87,88,92,88,,
355,S,28,72,52,64,68,66,66,68,56,68,70,62,56,58,64,29,59,68,72,66,,
356,N,59,71,62,59,69,56,37,69,62,69,64,31,64,64,64,56,58,69,73,71,,
357,P,87,87,88,80,80,79,90,80,87,79,85,87,21,85,85,42,80,85,91,88,,
358,E,59,71,40,29,73,60,69,69,60,69,64,56,59,56,64,59,57,66,73,69,,
359,A,34,81,83,83,68,76,87,83,83,77,81,83,64,83,75,81,68,67,60,75,,
360,S,68,65,65,63,70,68,65,70,68,73,73,65,59,68,59,31,68,61,76,73,,
361,S,61,74,74,64,66,68,74,70,74,67,74,57,71,71,74,23,32,78,69,78,,
362,S,71,82,64,80,85,69,82,84,84,82,87,78,75,82,80,32,69,84,80,78,,
363,T,48,61,74,72,82,80,52,78,74,80,76,64,66,74,69,74,32,72,83,76,,
364,S,72,47,69,72,74,65,76,76,72,74,76,62,62,72,72,32,62,76,72,64,,
365,V,81,71,90,78,90,92,93,77,90,78,90,91,83,92,81,80,88,34,93,90,,
366,T,92,91,92,85,93,94,94,86,92,87,88,90,87,93,92,81,54,93,95,93,,
367,P,88,89,88,74,90,78,86,88,86,90,89,89,31,76,91,88,90,79,92,91,,
368,D,76,79,28,74,81,74,82,79,78,82,82,74,78,78,69,69,70,78,85,84,,
369,V,77,86,86,86,82,89,75,86,84,72,86,87,84,67,86,82,87,34,89,71,,
370,S,85,92,90,91,92,94,94,92,91,93,94,85,93,92,93,53,83,88,95,94,,
371,D,59,74,29,61,74,66,64,68,66,72,70,64,66,58,68,64,56,70,74,70,,
372,N,67,77,57,58,77,73,66,71,71,71,71,31,71,60,71,57,69,73,77,71,,
373,E,76,82,63,32,78,78,74,76,69,76,74,74,74,62,76,74,66,67,82,78,,
374,P,81,87,73,80,83,80,84,84,81,86,86,80,27,78,81,80,83,86,87,86,,
375,D,91,93,31,87,90,92,90,90,92,90,90,88,90,88,90,78,90,91,93,93,,
376,H,88,91,90,90,90,90,31,87,88,81,90,88,74,87,87,83,85,87,92,87,,
377,Y,84,88,84,80,84,87,58,73,84,84,86,86,82,80,80,74,84,84,87,32,,
378,R,70,78,67,65,72,62,70,76,72,76,76,70,61,70,31,61,72,74,70,76,,
379,Y,86,83,75,69,83,85,75,88,86,86,88,81,88,85,71,83,85,79,83,33,,
380,S,92,93,91,80,89,91,91,93,87,92,89,92,91,91,92,54,91,93,91,93,,
381,D,77,79,31,75,82,77,81,77,75,82,79,57,75,75,77,63,75,79,82,77,,
382,T,90,92,90,85,91,92,93,90,91,83,88,90,92,88,91,87,53,90,93,92,,
383,T,86,88,86,86,88,88,86,86,86,80,88,88,88,86,86,78,53,86,90,89,,
384,D,78,81,28,68,78,78,74,83,78,83,84,76,78,74,80,80,78,83,78,80,,
385,S,88,89,89,88,91,86,89,89,90,89,83,88,91,86,90,54,74,86,89,91,,
386,D,79,87,31,79,86,81,79,84,83,83,86,83,81,83,81,71,83,84,88,87,,
387,P,89,92,86,87,91,87,77,89,87,91,92,89,31,89,90,74,86,91,93,90,,
388,E,72,74,70,28,79,74,70,74,74,72,74,72,70,68,72,68,59,72,79,78,,
389,N,72,76,56,65,65,72,63,74,70,74,74,29,70,63,68,57,68,72,76,74,,
390,E,70,81,62,33,84,76,83,81,81,83,84,78,83,76,81,76,78,81,86,78,,
391,P,87,90,85,74,87,89,87,87,85,87,87,84,28,84,88,85,85,87,85,90,,
392,F,74,76,78,76,32,76,74,64,76,71,74,76,76,62,76,71,74,74,80,71,,
393,D,88,91,28,48,91,86,89,91,85,89,85,79,90,83,85,85,86,91,83,86,,
394,E,75,83,45,29,83,67,80,79,77,82,82,72,82,72,79,75,75,80,83,83,,
395,D,72,78,20,33,79,72,76,78,70,78,78,67,67,70,72,62,72,74,79,74,,
396,Q,84,82,86,82,87,86,48,84,86,80,82,86,77,33,84,82,84,87,54,86,,
397,H,92,94,90,90,88,92,29,79,90,93,93,74,94,90,93,92,93,93,93,76,,
398,T,29,85,85,81,85,81,81,79,79,73,83,46,83,81,83,74,32,81,86,85,,
399,Q,79,84,72,63,84,82,72,82,70,79,81,72,81,29,72,77,75,79,82,81,,
400,I,89,92,92,90,92,90,92,31,88,89,89,73,92,92,92,90,88,79,93,92,,
401,T,86,89,82,84,89,88,87,88,82,87,87,75,86,78,78,84,51,88,80,88,,
402,K,76,80,76,42,80,77,76,79,25,79,77,72,77,67,69,72,72,79,80,79,,
403,V,72,74,77,76,72,77,77,62,76,70,70,77,76,76,76,76,72,26,77,74,,